layer,method,proj_dim,run_dir,seed,task,test_acc,test_acc_stderr,test_f1,test_f1_stderr,test_mae,test_mcc,test_mcc_stderr,test_mse,test_spearman,test_spearman_stderr
06,cov,48,PoolingFFN_layer06_cov_dc48_loc_seed657_25-05_13-18-31,657,loc,72.45,0.86,0.72,0.0086,,0.6672,0.0103,,,
06,cov,48,PoolingFFN_layer06_cov_dc48_loc_seed921_26-05_12-49-23,921,loc,75.0,0.85,0.7446,0.009,,0.6981,0.0102,,,
06,cov,48,PoolingFFN_layer06_cov_dc48_loc_seed969_27-05_07-56-06,969,loc,73.84,0.81,0.7273,0.0087,,0.6824,0.0097,,,
06,hybrid,48,PoolingFFN_layer06_hybrid_dc48_loc_seed657_25-05_15-04-56,657,loc,73.98,0.82,0.7353,0.0086,,0.6861,0.0098,,,
06,hybrid,48,PoolingFFN_layer06_hybrid_dc48_loc_seed921_26-05_14-29-27,921,loc,73.79,0.84,0.7291,0.009,,0.6824,0.0099,,,
06,hybrid,48,PoolingFFN_layer06_hybrid_dc48_loc_seed969_27-05_08-39-57,969,loc,73.51,0.85,0.7261,0.009,,0.6792,0.0102,,,
06,mean,,PoolingFFN_layer06_mean_dc48_loc_seed657_25-05_10-33-30,657,loc,70.63,0.85,0.6952,0.0089,,0.6447,0.0103,,,
06,mean,,PoolingFFN_layer06_mean_dc48_loc_seed921_26-05_11-13-18,921,loc,70.81,0.87,0.6868,0.0097,,0.6467,0.0101,,,
06,mean,,PoolingFFN_layer06_mean_dc48_loc_seed969_27-05_06-05-30,969,loc,70.42,0.84,0.689,0.009,,0.6418,0.01,,,
12,cov,48,PoolingFFN_layer12_cov_dc48_loc_seed657_25-05_22-16-26,657,loc,78.2,0.8,0.778,0.0083,,0.7373,0.0094,,,
12,cov,48,PoolingFFN_layer12_cov_dc48_loc_seed921_26-05_18-58-14,921,loc,79.36,0.74,0.7896,0.0078,,0.7513,0.0087,,,
12,cov,48,PoolingFFN_layer12_cov_dc48_loc_seed969_27-05_12-42-17,969,loc,78.17,0.86,0.7778,0.009,,0.7371,0.0103,,,
12,hybrid,48,PoolingFFN_layer12_hybrid_dc48_loc_seed657_25-05_23-28-02,657,loc,78.44,0.81,0.7798,0.0083,,0.7399,0.0096,,,
12,hybrid,48,PoolingFFN_layer12_hybrid_dc48_loc_seed921_26-05_20-04-00,921,loc,79.01,0.75,0.7856,0.0079,,0.747,0.0089,,,
12,hybrid,48,PoolingFFN_layer12_hybrid_dc48_loc_seed969_27-05_13-42-48,969,loc,78.14,0.86,0.7762,0.0091,,0.7364,0.0103,,,
12,mean,,PoolingFFN_layer12_mean_dc48_loc_seed657_25-05_18-25-44,657,loc,77.24,0.82,0.7663,0.0084,,0.7249,0.0097,,,
12,mean,,PoolingFFN_layer12_mean_dc48_loc_seed921_26-05_15-52-13,921,loc,77.03,0.85,0.7615,0.0089,,0.7222,0.01,,,
12,mean,,PoolingFFN_layer12_mean_dc48_loc_seed969_27-05_10-18-01,969,loc,77.07,0.87,0.7652,0.009,,0.7232,0.0103,,,
18,cov,48,PoolingFFN_layer18_cov_dc48_loc_seed657_26-05_03-05-22,657,loc,81.58,0.78,0.8129,0.0078,,0.7782,0.0092,,,
18,cov,48,PoolingFFN_layer18_cov_dc48_loc_seed921_27-05_00-10-53,921,loc,81.7,0.77,0.8082,0.0083,,0.779,0.0092,,,
18,cov,48,PoolingFFN_layer18_cov_dc48_loc_seed969_27-05_18-49-53,969,loc,81.2,0.8,0.8067,0.0086,,0.7738,0.0096,,,
18,hybrid,48,PoolingFFN_layer18_hybrid_dc48_loc_seed657_26-05_03-49-36,657,loc,80.48,0.81,0.8013,0.0084,,0.7644,0.0096,,,
18,hybrid,48,PoolingFFN_layer18_hybrid_dc48_loc_seed921_27-05_00-47-25,921,loc,80.76,0.7,0.8011,0.0075,,0.7676,0.0083,,,
18,hybrid,48,PoolingFFN_layer18_hybrid_dc48_loc_seed969_27-05_19-36-32,969,loc,80.91,0.8,0.8022,0.0085,,0.7694,0.0096,,,
18,mean,,PoolingFFN_layer18_mean_dc48_loc_seed657_26-05_00-27-51,657,loc,80.03,0.79,0.7937,0.0082,,0.7589,0.0093,,,
18,mean,,PoolingFFN_layer18_mean_dc48_loc_seed921_26-05_21-17-10,921,loc,81.03,0.74,0.806,0.0078,,0.7712,0.0088,,,
18,mean,,PoolingFFN_layer18_mean_dc48_loc_seed969_27-05_15-24-52,969,loc,79.4,0.85,0.7866,0.0089,,0.7515,0.0101,,,
24,cov,48,PoolingFFN_layer24_cov_dc48_loc_seed657_26-05_09-27-39,657,loc,84.09,0.71,0.8364,0.0074,,0.8082,0.0085,,,
24,cov,48,PoolingFFN_layer24_cov_dc48_loc_seed921_27-05_04-10-26,921,loc,83.89,0.71,0.8317,0.0076,,0.8055,0.0084,,,
24,cov,48,PoolingFFN_layer24_cov_dc48_loc_seed969_27-05_22-29-24,969,loc,82.55,0.77,0.8213,0.0081,,0.7894,0.0092,,,
24,hybrid,48,PoolingFFN_layer24_hybrid_dc48_loc_seed657_26-05_10-11-07,657,loc,83.69,0.73,0.8327,0.0075,,0.8029,0.0087,,,
24,hybrid,48,PoolingFFN_layer24_hybrid_dc48_loc_seed921_27-05_05-00-59,921,loc,83.97,0.7,0.8355,0.0073,,0.8066,0.0083,,,
24,hybrid,48,PoolingFFN_layer24_hybrid_dc48_loc_seed969_27-05_23-46-19,969,loc,83.02,0.75,0.8253,0.008,,0.7953,0.009,,,
24,mean,,PoolingFFN_layer24_mean_dc48_loc_seed657_26-05_05-06-47,657,loc,80.9,0.77,0.8036,0.0079,,0.7696,0.0092,,,
24,mean,,PoolingFFN_layer24_mean_dc48_loc_seed921_27-05_02-38-06,921,loc,81.85,0.77,0.8093,0.0083,,0.7807,0.0092,,,
24,mean,,PoolingFFN_layer24_mean_dc48_loc_seed969_27-05_20-26-35,969,loc,81.32,0.82,0.8072,0.0087,,0.7747,0.0097,,,
Stacked,cov,48,PoolingFFN_layerStacked_cov_dc48_loc_seed657_30-05_18-39-16,657,loc,80.99,0.78,0.8053,0.0081,,0.7707,0.0092,,,
Stacked,cov,48,PoolingFFN_layerStacked_cov_dc48_loc_seed921_02-06_04-22-28,921,loc,81.81,0.72,0.8125,0.0076,,0.7808,0.0085,,,
Stacked,hybrid,48,PoolingFFN_layerStacked_hybrid_dc48_loc_seed657_31-05_09-19-34,657,loc,81.21,0.82,0.8025,0.0086,,0.7735,0.0097,,,
Stacked,hybrid,48,PoolingFFN_layerStacked_hybrid_dc48_loc_seed921_02-06_11-28-54,921,loc,81.27,0.66,0.8057,0.0071,,0.7742,0.0079,,,
Stacked,mean,,PoolingFFN_layerStacked_mean_dc48_loc_seed657_30-05_02-40-25,657,loc,79.89,0.78,0.7913,0.0082,,0.7574,0.0093,,,
Stacked,mean,,PoolingFFN_layerStacked_mean_dc48_loc_seed921_31-05_22-14-41,921,loc,80.21,0.69,0.7952,0.0073,,0.7615,0.0081,,,
06,cov,48,PoolingFFN_layer06_cov_dc48_meltome_seed657_24-05_18-13-10,657,meltome,,,,,52.0063324,,,2728.5441895,0.6793,0.016
06,cov,48,PoolingFFN_layer06_cov_dc48_meltome_seed921_25-05_00-11-40,921,meltome,,,,,52.1875229,,,2744.692627,0.6807,0.0151
06,cov,48,PoolingFFN_layer06_cov_dc48_meltome_seed969_25-05_05-45-56,969,meltome,,,,,51.7970467,,,2709.9421387,0.667,0.0166
06,hybrid,48,PoolingFFN_layer06_hybrid_dc48_meltome_seed657_24-05_18-31-24,657,meltome,,,,,52.0721931,,,2730.2919922,0.6859,0.0157
06,hybrid,48,PoolingFFN_layer06_hybrid_dc48_meltome_seed921_25-05_00-31-56,921,meltome,,,,,51.7627487,,,2703.0588379,0.6735,0.0158
06,hybrid,48,PoolingFFN_layer06_hybrid_dc48_meltome_seed969_25-05_06-04-55,969,meltome,,,,,51.8275185,,,2706.0737305,0.6869,0.0144
06,mean,,PoolingFFN_layer06_mean_dc48_meltome_seed657_24-05_17-48-07,657,meltome,,,,,51.4793816,,,2672.9042969,0.6737,0.0163
06,mean,,PoolingFFN_layer06_mean_dc48_meltome_seed921_24-05_23-13-17,921,meltome,,,,,45.7210274,,,2109.1503906,0.6718,0.0161
06,mean,,PoolingFFN_layer06_mean_dc48_meltome_seed969_25-05_05-05-29,969,meltome,,,,,49.0394974,,,2422.2612305,0.6845,0.0151
12,cov,48,PoolingFFN_layer12_cov_dc48_meltome_seed657_24-05_19-47-51,657,meltome,,,,,51.3304977,,,2652.904541,0.7052,0.0149
12,cov,48,PoolingFFN_layer12_cov_dc48_meltome_seed921_25-05_01-43-40,921,meltome,,,,,50.7676163,,,2595.9084473,0.7011,0.0144
12,cov,48,PoolingFFN_layer12_cov_dc48_meltome_seed969_25-05_07-07-16,969,meltome,,,,,51.1911049,,,2638.2497559,0.7013,0.0149
12,hybrid,48,PoolingFFN_layer12_hybrid_dc48_meltome_seed657_24-05_20-08-08,657,meltome,,,,,51.1274872,,,2630.7321777,0.6997,0.016
12,hybrid,48,PoolingFFN_layer12_hybrid_dc48_meltome_seed921_25-05_02-04-58,921,meltome,,,,,50.950592,,,2613.4038086,0.693,0.0146
12,hybrid,48,PoolingFFN_layer12_hybrid_dc48_meltome_seed969_25-05_07-28-50,969,meltome,,,,,51.1656532,,,2636.7495117,0.6775,0.0165
12,mean,,PoolingFFN_layer12_mean_dc48_meltome_seed657_24-05_18-57-09,657,meltome,,,,,46.6437035,,,2194.1958008,0.6806,0.0158
12,mean,,PoolingFFN_layer12_mean_dc48_meltome_seed921_25-05_00-54-02,921,meltome,,,,,47.6954422,,,2292.3701172,0.6914,0.015
12,mean,,PoolingFFN_layer12_mean_dc48_meltome_seed969_25-05_06-28-23,969,meltome,,,,,49.578186,,,2475.1953125,0.6951,0.0146
18,cov,48,PoolingFFN_layer18_cov_dc48_meltome_seed657_24-05_21-09-35,657,meltome,,,,,51.3987923,,,2660.5234375,0.7026,0.0158
18,cov,48,PoolingFFN_layer18_cov_dc48_meltome_seed921_25-05_03-02-38,921,meltome,,,,,51.4685783,,,2666.4206543,0.7013,0.0143
18,cov,48,PoolingFFN_layer18_cov_dc48_meltome_seed969_25-05_08-31-28,969,meltome,,,,,51.0452957,,,2622.4465332,0.6974,0.0145
18,hybrid,48,PoolingFFN_layer18_hybrid_dc48_meltome_seed657_24-05_21-28-50,657,meltome,,,,,51.2949753,,,2648.4279785,0.704,0.016
18,hybrid,48,PoolingFFN_layer18_hybrid_dc48_meltome_seed921_25-05_03-22-18,921,meltome,,,,,52.4526558,,,3934.0852051,0.7009,0.0145
18,hybrid,48,PoolingFFN_layer18_hybrid_dc48_meltome_seed969_25-05_08-52-44,969,meltome,,,,,51.3126183,,,2649.5412598,0.6996,0.0145
18,mean,,PoolingFFN_layer18_mean_dc48_meltome_seed657_24-05_20-35-46,657,meltome,,,,,50.0453529,,,2521.8859863,0.7019,0.0159
18,mean,,PoolingFFN_layer18_mean_dc48_meltome_seed921_25-05_02-31-53,921,meltome,,,,,50.7855606,,,2596.3857422,0.7064,0.0146
18,mean,,PoolingFFN_layer18_mean_dc48_meltome_seed969_25-05_07-59-37,969,meltome,,,,,50.1478539,,,2531.0888672,0.7098,0.0142
24,cov,48,PoolingFFN_layer24_cov_dc48_meltome_seed657_24-05_22-21-15,657,meltome,,,,,51.1688995,,,2635.9494629,0.712,0.0146
24,cov,48,PoolingFFN_layer24_cov_dc48_meltome_seed921_25-05_04-17-43,921,meltome,,,,,51.1936951,,,2638.3249512,0.7202,0.0146
24,cov,48,PoolingFFN_layer24_cov_dc48_meltome_seed969_25-05_09-47-12,969,meltome,,,,,50.9565582,,,2615.043457,0.7176,0.0145
24,hybrid,48,PoolingFFN_layer24_hybrid_dc48_meltome_seed657_24-05_22-42-47,657,meltome,,,,,50.8070908,,,2598.5412598,0.6946,0.015
24,hybrid,48,PoolingFFN_layer24_hybrid_dc48_meltome_seed921_25-05_04-38-18,921,meltome,,,,,50.9039345,,,2607.4228516,0.7103,0.0148
24,hybrid,48,PoolingFFN_layer24_hybrid_dc48_meltome_seed969_25-05_10-08-00,969,meltome,,,,,51.4493217,,,2663.1474609,0.7156,0.0148
24,mean,,PoolingFFN_layer24_mean_dc48_meltome_seed657_24-05_21-53-54,657,meltome,,,,,51.0660477,,,2624.3278809,0.7073,0.0156
24,mean,,PoolingFFN_layer24_mean_dc48_meltome_seed921_25-05_03-47-28,921,meltome,,,,,50.8300629,,,2599.8327637,0.7097,0.0156
24,mean,,PoolingFFN_layer24_mean_dc48_meltome_seed969_25-05_09-19-28,969,meltome,,,,,51.0985985,,,2627.270752,0.7082,0.0149
Stacked,cov,48,PoolingFFN_layerStacked_cov_dc48_meltome_seed657_28-05_14-25-52,657,meltome,,,,,51.2381554,,,2643.6350098,0.7049,0.0155
Stacked,cov,48,PoolingFFN_layerStacked_cov_dc48_meltome_seed921_29-05_04-44-50,921,meltome,,,,,50.5983353,,,2578.0844727,0.6788,0.0164
Stacked,cov,48,PoolingFFN_layerStacked_cov_dc48_meltome_seed969_29-05_18-47-38,969,meltome,,,,,51.5767174,,,2679.612793,0.7136,0.0141
Stacked,hybrid,48,PoolingFFN_layerStacked_hybrid_dc48_meltome_seed657_28-05_17-52-34,657,meltome,,,,,50.8486214,,,2602.423584,0.6995,0.0159
Stacked,hybrid,48,PoolingFFN_layerStacked_hybrid_dc48_meltome_seed921_29-05_08-25-50,921,meltome,,,,,50.7627068,,,2593.0759277,0.7042,0.015
Stacked,hybrid,48,PoolingFFN_layerStacked_hybrid_dc48_meltome_seed969_29-05_21-57-54,969,meltome,,,,,51.651474,,,2684.8613281,0.7138,0.0141
Stacked,mean,,PoolingFFN_layerStacked_mean_dc48_meltome_seed657_28-05_09-04-41,657,meltome,,,,,50.0617676,,,2525.8564453,0.7043,0.0157
Stacked,mean,,PoolingFFN_layerStacked_mean_dc48_meltome_seed921_28-05_23-08-05,921,meltome,,,,,49.6564369,,,2482.0895996,0.7116,0.0141
Stacked,mean,,PoolingFFN_layerStacked_mean_dc48_meltome_seed969_29-05_13-24-16,969,meltome,,,,,49.2013855,,,2437.4960938,0.7088,0.0142
,cov,16,PoolingFFN_loc_cov_dc16_seed657_20-05_05-25-55,657,loc,82.55,0.74,0.821,0.0077,,0.7894,0.0088,,,
,cov,16,PoolingFFN_loc_cov_dc16_seed921_20-05_17-05-53,921,loc,82.25,0.71,0.8184,0.0076,,0.7862,0.0084,,,
,cov,16,PoolingFFN_loc_cov_dc16_seed969_21-05_06-12-16,969,loc,81.94,0.75,0.8118,0.0079,,0.782,0.0089,,,
,cov,24,PoolingFFN_loc_cov_dc24_seed657_20-05_06-28-16,657,loc,83.15,0.76,0.8257,0.0079,,0.7965,0.0091,,,
,cov,24,PoolingFFN_loc_cov_dc24_seed921_20-05_18-04-22,921,loc,82.47,0.67,0.8192,0.0072,,0.7883,0.008,,,
,cov,24,PoolingFFN_loc_cov_dc24_seed969_21-05_07-09-42,969,loc,84.0,0.74,0.8357,0.0077,,0.807,0.0088,,,
,cov,32,PoolingFFN_loc_cov_dc32_seed657_20-05_07-17-55,657,loc,82.66,0.72,0.8228,0.0075,,0.7911,0.0087,,,
,cov,32,PoolingFFN_loc_cov_dc32_seed921_20-05_18-58-35,921,loc,82.67,0.72,0.8212,0.0077,,0.791,0.0086,,,
,cov,32,PoolingFFN_loc_cov_dc32_seed969_21-05_07-59-09,969,loc,82.49,0.74,0.8215,0.0076,,0.7895,0.0089,,,
,cov,48,PoolingFFN_loc_cov_dc48_seed657_20-05_08-23-15,657,loc,84.09,0.71,0.8364,0.0074,,0.8082,0.0085,,,
,cov,48,PoolingFFN_loc_cov_dc48_seed921_20-05_19-51-52,921,loc,83.89,0.71,0.8317,0.0076,,0.8055,0.0084,,,
,cov,48,PoolingFFN_loc_cov_dc48_seed969_21-05_09-03-52,969,loc,82.55,0.77,0.8213,0.0081,,0.7894,0.0092,,,
,cov,8,PoolingFFN_loc_cov_dc8_seed657_20-05_04-26-10,657,loc,81.64,0.77,0.8082,0.0083,,0.7781,0.0092,,,
,cov,8,PoolingFFN_loc_cov_dc8_seed921_20-05_15-55-05,921,loc,81.13,0.8,0.8047,0.0087,,0.7719,0.0095,,,
,cov,8,PoolingFFN_loc_cov_dc8_seed969_21-05_04-29-24,969,loc,81.24,0.83,0.808,0.0086,,0.7737,0.0099,,,
,hybrid,16,PoolingFFN_loc_hybrid_dc16_seed657_20-05_10-05-34,657,loc,83.11,0.73,0.8249,0.0076,,0.7961,0.0087,,,
,hybrid,16,PoolingFFN_loc_hybrid_dc16_seed921_20-05_22-00-06,921,loc,82.87,0.75,0.8241,0.0078,,0.7933,0.0089,,,
,hybrid,16,PoolingFFN_loc_hybrid_dc16_seed969_21-05_11-40-58,969,loc,82.99,0.74,0.8232,0.0078,,0.7946,0.0089,,,
,hybrid,24,PoolingFFN_loc_hybrid_dc24_seed657_20-05_11-01-44,657,loc,84.28,0.73,0.838,0.0076,,0.8104,0.0087,,,
,hybrid,24,PoolingFFN_loc_hybrid_dc24_seed921_20-05_23-26-28,921,loc,83.54,0.71,0.8295,0.0075,,0.8012,0.0084,,,
,hybrid,24,PoolingFFN_loc_hybrid_dc24_seed969_21-05_12-42-10,969,loc,83.82,0.75,0.8301,0.008,,0.8048,0.009,,,
,hybrid,32,PoolingFFN_loc_hybrid_dc32_seed657_20-05_11-59-01,657,loc,83.28,0.75,0.8286,0.0078,,0.7983,0.009,,,
,hybrid,32,PoolingFFN_loc_hybrid_dc32_seed921_21-05_00-27-07,921,loc,84.23,0.7,0.8368,0.0074,,0.8096,0.0083,,,
,hybrid,32,PoolingFFN_loc_hybrid_dc32_seed969_21-05_13-34-57,969,loc,83.78,0.77,0.8331,0.0081,,0.8044,0.0092,,,
,hybrid,48,PoolingFFN_loc_hybrid_dc48_seed657_20-05_13-26-12,657,loc,83.69,0.73,0.8327,0.0075,,0.8029,0.0087,,,
,hybrid,48,PoolingFFN_loc_hybrid_dc48_seed921_21-05_01-24-56,921,loc,83.97,0.7,0.8355,0.0073,,0.8066,0.0083,,,
,hybrid,48,PoolingFFN_loc_hybrid_dc48_seed969_21-05_14-53-28,969,loc,83.02,0.75,0.8253,0.008,,0.7953,0.009,,,
,hybrid,8,PoolingFFN_loc_hybrid_dc8_seed657_20-05_09-07-20,657,loc,83.76,0.69,0.8312,0.0073,,0.804,0.0083,,,
,hybrid,8,PoolingFFN_loc_hybrid_dc8_seed921_20-05_20-41-45,921,loc,82.35,0.68,0.8175,0.0073,,0.7867,0.0081,,,
,hybrid,8,PoolingFFN_loc_hybrid_dc8_seed969_21-05_10-20-54,969,loc,82.55,0.76,0.819,0.008,,0.7896,0.0091,,,
,mean,,PoolingFFN_loc_mean_seed657_20-05_00-17-52,657,loc,80.9,0.77,0.8036,0.0079,,0.7696,0.0092,,,
,mean,,PoolingFFN_loc_mean_seed921_20-05_14-26-36,921,loc,81.85,0.77,0.8093,0.0083,,0.7807,0.0092,,,
,mean,,PoolingFFN_loc_mean_seed969_21-05_02-28-29,969,loc,81.32,0.82,0.8072,0.0087,,0.7747,0.0097,,,
,cov,16,PoolingFFN_meltome_cov_dc16_seed657_21-05_16-35-35,657,meltome,,,,,50.212738,,,2537.5397949,0.7055,0.0155
,cov,16,PoolingFFN_meltome_cov_dc16_seed921_21-05_21-13-23,921,meltome,,,,,51.3446999,,,2653.4477539,0.7142,0.0151
,cov,16,PoolingFFN_meltome_cov_dc16_seed969_22-05_01-37-26,969,meltome,,,,,51.0219154,,,2621.2250977,0.7102,0.0146
,cov,24,PoolingFFN_meltome_cov_dc24_seed657_21-05_16-58-31,657,meltome,,,,,50.4405327,,,2560.7575684,0.6999,0.0149
,cov,24,PoolingFFN_meltome_cov_dc24_seed921_21-05_21-33-16,921,meltome,,,,,51.2852631,,,2646.4550781,0.7145,0.0149
,cov,24,PoolingFFN_meltome_cov_dc24_seed969_22-05_01-58-33,969,meltome,,,,,51.3129234,,,2650.4960938,0.7155,0.0147
,cov,32,PoolingFFN_meltome_cov_dc32_seed657_21-05_17-22-13,657,meltome,,,,,51.1577606,,,2636.7038574,0.7168,0.0148
,cov,32,PoolingFFN_meltome_cov_dc32_seed921_21-05_21-54-16,921,meltome,,,,,50.5984497,,,2577.2446289,0.6992,0.0158
,cov,32,PoolingFFN_meltome_cov_dc32_seed969_22-05_02-18-45,969,meltome,,,,,51.0598907,,,2624.447998,0.718,0.0145
,cov,48,PoolingFFN_meltome_cov_dc48_seed657_21-05_17-42-00,657,meltome,,,,,51.1688995,,,2635.9494629,0.712,0.0146
,cov,48,PoolingFFN_meltome_cov_dc48_seed921_21-05_22-18-35,921,meltome,,,,,51.1936951,,,2638.3249512,0.7202,0.0146
,cov,48,PoolingFFN_meltome_cov_dc48_seed969_22-05_02-38-42,969,meltome,,,,,50.9565582,,,2615.043457,0.7176,0.0145
,cov,8,PoolingFFN_meltome_cov_dc8_seed657_21-05_16-14-42,657,meltome,,,,,50.9925423,,,2616.6745605,0.7153,0.0153
,cov,8,PoolingFFN_meltome_cov_dc8_seed921_21-05_20-49-37,921,meltome,,,,,50.2124939,,,2537.2050781,0.711,0.0152
,cov,8,PoolingFFN_meltome_cov_dc8_seed969_22-05_01-14-38,969,meltome,,,,,50.5081902,,,2566.7192383,0.7176,0.0148
,hybrid,16,PoolingFFN_meltome_hybrid_dc16_seed123_22-05_11-14-36,123,meltome,,,,,51.3381844,,,2651.8071289,0.7173,0.0164
,hybrid,16,PoolingFFN_meltome_hybrid_dc16_seed456_22-05_13-14-38,456,meltome,,,,,51.1381493,,,2632.0378418,0.714,0.0149
,hybrid,16,PoolingFFN_meltome_hybrid_dc16_seed657_21-05_18-28-20,657,meltome,,,,,51.4563065,,,2663.4821777,0.7214,0.015
,hybrid,16,PoolingFFN_meltome_hybrid_dc16_seed789_22-05_15-17-43,789,meltome,,,,,51.5418205,,,2672.5493164,0.7188,0.0147
,hybrid,16,PoolingFFN_meltome_hybrid_dc16_seed921_21-05_23-03-38,921,meltome,,,,,51.2907906,,,2646.5805664,0.7191,0.015
,hybrid,16,PoolingFFN_meltome_hybrid_dc16_seed969_22-05_03-23-30,969,meltome,,,,,51.1826286,,,2635.2978516,0.7208,0.0144
,hybrid,24,PoolingFFN_meltome_hybrid_dc24_seed123_22-05_11-38-43,123,meltome,,,,,51.4319992,,,2661.2802734,0.716,0.0166
,hybrid,24,PoolingFFN_meltome_hybrid_dc24_seed456_22-05_13-38-19,456,meltome,,,,,50.8614578,,,2602.7490234,0.7181,0.0147
,hybrid,24,PoolingFFN_meltome_hybrid_dc24_seed657_21-05_18-53-29,657,meltome,,,,,51.6343269,,,2682.0883789,0.7197,0.0151
,hybrid,24,PoolingFFN_meltome_hybrid_dc24_seed789_22-05_15-41-35,789,meltome,,,,,51.2979736,,,2647.404541,0.7175,0.0146
,hybrid,24,PoolingFFN_meltome_hybrid_dc24_seed921_21-05_23-26-40,921,meltome,,,,,51.5605659,,,2674.2497559,0.72,0.0147
,hybrid,24,PoolingFFN_meltome_hybrid_dc24_seed969_22-05_03-48-16,969,meltome,,,,,51.0092087,,,2617.6330566,0.7217,0.0145
,hybrid,32,PoolingFFN_meltome_hybrid_dc32_seed123_22-05_12-03-22,123,meltome,,,,,51.4503098,,,2664.0534668,0.7158,0.017
,hybrid,32,PoolingFFN_meltome_hybrid_dc32_seed456_22-05_14-03-38,456,meltome,,,,,50.7355995,,,2590.4003906,0.7087,0.0152
,hybrid,32,PoolingFFN_meltome_hybrid_dc32_seed657_21-05_19-17-41,657,meltome,,,,,50.5364304,,,2573.2336426,0.696,0.0154
,hybrid,32,PoolingFFN_meltome_hybrid_dc32_seed789_22-05_16-07-07,789,meltome,,,,,51.1701317,,,2634.5742188,0.716,0.015
,hybrid,32,PoolingFFN_meltome_hybrid_dc32_seed921_21-05_23-52-06,921,meltome,,,,,50.8432693,,,2601.0610352,0.7107,0.0147
,hybrid,32,PoolingFFN_meltome_hybrid_dc32_seed969_22-05_04-12-41,969,meltome,,,,,51.2552605,,,2643.2255859,0.7112,0.0146
,hybrid,48,PoolingFFN_meltome_hybrid_dc48_seed123_22-05_12-27-40,123,meltome,,,,,51.4031487,,,2660.0895996,0.7182,0.0166
,hybrid,48,PoolingFFN_meltome_hybrid_dc48_seed456_22-05_14-29-23,456,meltome,,,,,51.8217773,,,2703.0820312,0.7178,0.0145
,hybrid,48,PoolingFFN_meltome_hybrid_dc48_seed657_21-05_19-48-12,657,meltome,,,,,50.8070908,,,2598.5412598,0.6946,0.015
,hybrid,48,PoolingFFN_meltome_hybrid_dc48_seed789_22-05_16-33-11,789,meltome,,,,,51.0447922,,,2621.9765625,0.7108,0.015
,hybrid,48,PoolingFFN_meltome_hybrid_dc48_seed921_22-05_00-19-12,921,meltome,,,,,50.9039345,,,2607.4228516,0.7103,0.0148
,hybrid,48,PoolingFFN_meltome_hybrid_dc48_seed969_22-05_04-38-35,969,meltome,,,,,51.4493217,,,2663.1474609,0.7156,0.0148
,hybrid,8,PoolingFFN_meltome_hybrid_dc8_seed123_22-05_10-49-47,123,meltome,,,,,51.0897598,,,2626.0056152,0.7199,0.0166
,hybrid,8,PoolingFFN_meltome_hybrid_dc8_seed456_22-05_12-50-22,456,meltome,,,,,51.2049103,,,2637.9897461,0.7151,0.015
,hybrid,8,PoolingFFN_meltome_hybrid_dc8_seed657_21-05_18-03-35,657,meltome,,,,,51.2791748,,,2645.2460938,0.7203,0.0151
,hybrid,8,PoolingFFN_meltome_hybrid_dc8_seed789_22-05_14-53-25,789,meltome,,,,,50.9191284,,,2608.621582,0.7171,0.0147
,hybrid,8,PoolingFFN_meltome_hybrid_dc8_seed921_21-05_22-39-08,921,meltome,,,,,51.1475563,,,2631.8500977,0.7222,0.0147
,hybrid,8,PoolingFFN_meltome_hybrid_dc8_seed969_22-05_02-59-15,969,meltome,,,,,51.0401268,,,2621.5053711,0.7097,0.015
,mean,,PoolingFFN_meltome_mean_seed657_21-05_15-47-54,657,meltome,,,,,51.0660477,,,2624.3278809,0.7073,0.0156
,mean,,PoolingFFN_meltome_mean_seed921_21-05_20-18-39,921,meltome,,,,,50.8300629,,,2599.8327637,0.7097,0.0156
,mean,,PoolingFFN_meltome_mean_seed969_22-05_00-46-55,969,meltome,,,,,51.0985985,,,2627.270752,0.7082,0.0149
,cov_unsup,16,PoolingFFN_loc_cov_unsup_dc16_pretrained_seed657_17-06_22-24-25,657,loc,74.26,0.87,0.7333,0.0089,,0.6886,0.0105,,,
,cov_unsup,16,PoolingFFN_loc_cov_unsup_dc16_pretrained_seed921_18-06_07-29-35,921,loc,72.63,0.88,0.7155,0.0093,,0.6682,0.0105,,,
,cov_unsup,16,PoolingFFN_loc_cov_unsup_dc16_pretrained_seed969_18-06_16-03-20,969,loc,74.92,0.87,0.7378,0.0092,,0.6961,0.0105,,,
,cov_unsup,24,PoolingFFN_loc_cov_unsup_dc24_pretrained_seed657_18-06_00-41-12,657,loc,78.24,0.82,0.7755,0.0085,,0.7367,0.0099,,,
,cov_unsup,24,PoolingFFN_loc_cov_unsup_dc24_pretrained_seed921_18-06_09-41-10,921,loc,76.7,0.82,0.7613,0.0088,,0.718,0.0098,,,
,cov_unsup,24,PoolingFFN_loc_cov_unsup_dc24_pretrained_seed969_18-06_17-39-19,969,loc,77.16,0.81,0.7637,0.0086,,0.7238,0.0097,,,
,cov_unsup,32,PoolingFFN_loc_cov_unsup_dc32_pretrained_seed657_18-06_02-18-45,657,loc,80.7,0.74,0.7982,0.0077,,0.7672,0.0088,,,
,cov_unsup,32,PoolingFFN_loc_cov_unsup_dc32_pretrained_seed921_18-06_11-10-46,921,loc,79.85,0.79,0.7937,0.0082,,0.7573,0.0094,,,
,cov_unsup,32,PoolingFFN_loc_cov_unsup_dc32_pretrained_seed969_18-06_19-04-31,969,loc,80.62,0.72,0.8016,0.0074,,0.7667,0.0085,,,
,cov_unsup,48,PoolingFFN_loc_cov_unsup_dc48_pretrained_seed657_18-06_03-16-17,657,loc,81.14,0.73,0.8063,0.0076,,0.7727,0.0088,,,
,cov_unsup,48,PoolingFFN_loc_cov_unsup_dc48_pretrained_seed921_18-06_12-38-02,921,loc,82.79,0.74,0.8217,0.008,,0.7926,0.0088,,,
,cov_unsup,48,PoolingFFN_loc_cov_unsup_dc48_pretrained_seed969_18-06_20-20-06,969,loc,80.01,0.77,0.7978,0.008,,0.7594,0.0093,,,
,cov_unsup,8,PoolingFFN_loc_cov_unsup_dc8_pretrained_seed657_17-06_20-24-44,657,loc,63.14,0.91,0.6,0.0099,,0.5493,0.011,,,
,cov_unsup,8,PoolingFFN_loc_cov_unsup_dc8_pretrained_seed921_18-06_04-24-28,921,loc,62.83,0.94,0.5969,0.0103,,0.5447,0.0111,,,
,cov_unsup,8,PoolingFFN_loc_cov_unsup_dc8_pretrained_seed969_18-06_13-28-29,969,loc,63.0,0.94,0.598,0.0104,,0.548,0.0112,,,
,cov_unsup,16,PoolingFFN_meltome_cov_unsup_dc16_pretrained_seed657_18-06_23-13-39,657,meltome,,,,,47.7147713,,,2296.9157715,0.6292,0.018
,cov_unsup,16,PoolingFFN_meltome_cov_unsup_dc16_pretrained_seed921_19-06_01-50-32,921,meltome,,,,,47.6507492,,,2290.8317871,0.6316,0.0187
,cov_unsup,16,PoolingFFN_meltome_cov_unsup_dc16_pretrained_seed969_19-06_04-11-51,969,meltome,,,,,50.4875107,,,2569.0322266,0.6236,0.018
,cov_unsup,24,PoolingFFN_meltome_cov_unsup_dc24_pretrained_seed657_18-06_23-43-35,657,meltome,,,,,51.0145569,,,2621.609375,0.6472,0.0167
,cov_unsup,24,PoolingFFN_meltome_cov_unsup_dc24_pretrained_seed921_19-06_02-20-18,921,meltome,,,,,50.6652756,,,2585.4279785,0.6598,0.018
,cov_unsup,24,PoolingFFN_meltome_cov_unsup_dc24_pretrained_seed969_19-06_04-33-51,969,meltome,,,,,50.5795326,,,2577.5898438,0.6501,0.0173
,cov_unsup,32,PoolingFFN_meltome_cov_unsup_dc32_pretrained_seed657_19-06_00-02-43,657,meltome,,,,,48.9085159,,,2410.5651855,0.6741,0.0171
,cov_unsup,32,PoolingFFN_meltome_cov_unsup_dc32_pretrained_seed921_19-06_02-43-02,921,meltome,,,,,50.803196,,,2598.2890625,0.6825,0.016
,cov_unsup,32,PoolingFFN_meltome_cov_unsup_dc32_pretrained_seed969_19-06_04-55-48,969,meltome,,,,,47.7556915,,,2298.5837402,0.669,0.0167
,cov_unsup,48,PoolingFFN_meltome_cov_unsup_dc48_pretrained_seed657_19-06_00-30-40,657,meltome,,,,,50.9246559,,,2610.324707,0.69,0.0167
,cov_unsup,48,PoolingFFN_meltome_cov_unsup_dc48_pretrained_seed921_19-06_03-04-33,921,meltome,,,,,50.7872314,,,2596.354248,0.6916,0.0155
,cov_unsup,48,PoolingFFN_meltome_cov_unsup_dc48_pretrained_seed969_19-06_05-25-56,969,meltome,,,,,50.3826065,,,2555.7180176,0.6876,0.0159
,cov_unsup,8,PoolingFFN_meltome_cov_unsup_dc8_pretrained_seed657_18-06_21-53-30,657,meltome,,,,,10.5238991,,,132.836319,0.5506,0.0199
,cov_unsup,8,PoolingFFN_meltome_cov_unsup_dc8_pretrained_seed921_19-06_00-51-10,921,meltome,,,,,27.64715,,,788.4118042,0.5509,0.0202
,cov_unsup,8,PoolingFFN_meltome_cov_unsup_dc8_pretrained_seed969_19-06_03-25-15,969,meltome,,,,,37.737011,,,1446.6375732,0.5641,0.0204
